{
  "score_min": -0.18936924950331824,
  "score_max": 0.13885396194741717
}