{
  "score_min": -0.12077223182731889,
  "score_max": 0.20859164549938003
}